date,cpi
2015-01-01,234.747
2015-02-01,235.342
2015-03-01,235.976
2015-04-01,236.222
2015-05-01,237.001
2015-06-01,237.657
2015-07-01,238.034
2015-08-01,238.033
2015-09-01,237.498
2015-10-01,237.733
2015-11-01,238.017
2015-12-01,237.761
2016-01-01,237.652
2016-02-01,237.336
2016-03-01,238.08
2016-04-01,238.992
2016-05-01,239.557
2016-06-01,240.222
2016-07-01,240.101
2016-08-01,240.545
2016-09-01,241.176
2016-10-01,241.741
2016-11-01,242.026
2016-12-01,242.637
2017-01-01,243.618
2017-02-01,244.006
2017-03-01,243.892
2017-04-01,244.193
2017-05-01,244.004
2017-06-01,244.163
2017-07-01,244.243
2017-08-01,245.183
2017-09-01,246.435
2017-10-01,246.626
2017-11-01,247.284
2017-12-01,247.805
2018-01-01,248.859
2018-02-01,249.529
2018-03-01,249.577
2018-04-01,250.227
2018-05-01,250.792
2018-06-01,251.018
2018-07-01,251.214
2018-08-01,251.663
2018-09-01,252.182
2018-10-01,252.772
2018-11-01,252.594
2018-12-01,252.767
2019-01-01,252.561
2019-02-01,253.319
2019-03-01,254.277
2019-04-01,255.233
2019-05-01,255.296
2019-06-01,255.213
2019-07-01,255.802
2019-08-01,256.036
2019-09-01,256.43
2019-10-01,257.155
2019-11-01,257.879
2019-12-01,258.63
2020-01-01,259.127
2020-02-01,259.25
2020-03-01,258.076
2020-04-01,256.032
2020-05-01,255.802
2020-06-01,257.042
2020-07-01,258.352
2020-08-01,259.316
2020-09-01,259.997
2020-10-01,260.319
2020-11-01,260.911
2020-12-01,262.045
2021-01-01,262.639
2021-02-01,263.573
2021-03-01,264.847
2021-04-01,266.625
2021-05-01,268.404
2021-06-01,270.71
2021-07-01,271.965
2021-08-01,272.752
2021-09-01,273.942
2021-10-01,276.528
2021-11-01,278.824
2021-12-01,280.806
2022-01-01,282.542
2022-02-01,284.525
2022-03-01,287.467
2022-04-01,288.582
2022-05-01,291.299
2022-06-01,295.072
2022-07-01,294.94
2022-08-01,295.162
2022-09-01,296.421
2022-10-01,297.979
2022-11-01,298.708
2022-12-01,298.808
2023-01-01,300.456
2023-02-01,301.476
2023-03-01,301.643
2023-04-01,302.858
2023-05-01,303.316
2023-06-01,304.099
2023-07-01,304.615
2023-08-01,306.138
2023-09-01,307.374
2023-10-01,307.653
2023-11-01,308.087
2023-12-01,308.735
2024-01-01,309.794
2024-02-01,311.022
2024-03-01,312.107
2024-04-01,313.016
2024-05-01,313.14
2024-06-01,313.131
2024-07-01,313.566
2024-08-01,314.131
2024-09-01,314.851
2024-10-01,315.564
2024-11-01,316.449
2024-12-01,317.603
